month,mean_runoff,pct_change
1,1431.79745228067,No previous month
2,1455.24272211784,1.63747112413317
3,1469.2885889024,0.965190656588077
